{
  "train_loss": [
    17.67006206512451,
    17.53690665108817,
    16.8802718094417,
    15.972263131822858,
    14.780016694750104,
    14.735748222896031,
    14.580052069255284,
    15.095607382910591,
    15.074390275137764,
    14.525861092976161,
    15.471216133662633,
    14.03858210359301,
    14.448990447180611,
    14.30589999471392,
    15.708143302372523,
    14.89010899407523,
    15.150366408484322,
    14.643833671297346,
    13.930933271135602,
    13.876145465033394,
    14.561447075435094,
    13.910726513181414,
    14.642599787030901,
    13.54646096910749
  ],
  "val_loss": [
    2.1063934087753298,
    2.5821482658386232,
    1.7562288999557496,
    2.003187823295593,
    3.3501479387283326,
    2.188985562324524,
    1.7197037220001221,
    2.876933526992798,
    1.9163660407066345,
    2.492825245857239,
    2.9341992378234862,
    1.9912387132644653,
    6.295558929443359,
    1.1030548453330993,
    1.882665765285492,
    6.870395755767822,
    1.833532190322876,
    2.005879521369934,
    1.7576700925827027,
    2.018580675125122,
    2.087550973892212,
    2.821763110160828,
    2.048980188369751,
    1.7049613356590272
  ],
  "val_mpjpe": [
    2.1063934087753298,
    2.5821482658386232,
    1.7562288999557496,
    2.003187823295593,
    3.3501479387283326,
    2.188985562324524,
    1.7197037220001221,
    2.876933526992798,
    1.9163660407066345,
    2.492825245857239,
    2.9341992378234862,
    1.9912387132644653,
    6.295558929443359,
    1.1030548453330993,
    1.882665765285492,
    6.870395755767822,
    1.833532190322876,
    2.005879521369934,
    1.7576700925827027,
    2.018580675125122,
    2.087550973892212,
    2.821763110160828,
    2.048980188369751,
    1.7049613356590272
  ],
  "val_pck": [
    0.0,
    0.006630609044805169,
    0.0,
    0.0012820512987673283,
    0.0,
    0.03125000074505806,
    0.02734374962747097,
    0.0045072116889059545,
    0.003125,
    0.0012820512987673283,
    0.00234375,
    0.023257211362943054,
    0.004487179592251778,
    0.003485576994717121,
    0.03283253274857998,
    0.0012820512987673283,
    0.1209935910999775,
    0.034855769760906694,
    0.04609375149011612,
    0.24525240994989872,
    0.044811700284481046,
    0.13427484408020973,
    0.11566506512463093,
    0.11638621911406517
  ],
  "lr": [
    0.0009996149036022412,
    0.0009984602081996976,
    0.0009965376942489858,
    0.0009938503261272714,
    0.0009904022475614137,
    0.0009861987752386395,
    0.000981246390608597,
    0.0009755527298894296,
    0.0009691265722932812,
    0.0009619778264893879,
    0.0009541175153256283,
    0.0009455577588320899,
    0.0009363117555328624,
    0.0009263937620948693,
    0.0009158190713451217,
    0.0009046039886902866,
    0.0008927658069749323,
    0.0008803227798172158,
    0.0008672940934631253,
    0.0008536998372026807,
    0.0008395609723937048,
    0.0008248993001409271,
    0.0008097374276802623,
    0.0007940987335200906
  ],
  "epoch_time": [
    3.005850076675415,
    2.525223970413208,
    1.9028258323669434,
    1.8786637783050537,
    2.5277554988861084,
    1.9742763042449951,
    1.9890556335449219,
    1.792037010192871,
    1.9153261184692383,
    2.1866769790649414,
    1.7430517673492432,
    1.8552019596099854,
    1.7804217338562012,
    1.9893226623535156,
    3.0487372875213623,
    2.5383145809173584,
    1.838848352432251,
    1.9393515586853027,
    2.0859475135803223,
    2.0416550636291504,
    1.6660542488098145,
    1.8538672924041748,
    1.8043668270111084,
    1.7706727981567383
  ]
}