{
  "train_loss": [
    0.10932550583010082,
    0.056315499968481376,
    0.04400454359190748,
    0.037082660425182996,
    0.033846918604527876
  ],
  "val_loss": [
    3.835713562996764,
    4.4084173864439915,
    4.86880298978404,
    5.2488832881576135,
    5.508845418691635
  ],
  "val_mpjpe": [
    3.835713562996764,
    4.4084173864439915,
    4.86880298978404,
    5.2488832881576135,
    5.508845418691635
  ],
  "val_pck": [
    0.0,
    0.0,
    0.0,
    0.0,
    0.0
  ],
  "lr": [
    0.0009046039886902864,
    0.0006548539886902863,
    0.0003461460113097138,
    9.639601130971379e-05,
    1e-06
  ],
  "epoch_time": [
    96.3243248462677,
    59.89507842063904,
    128.48326086997986,
    65.61077451705933,
    70.64675784111023
  ]
}