{
  "train_loss": [
    0.17716467492985274,
    0.10131150832013139,
    0.07675728665770225,
    0.0643129928283534,
    0.05633468135207329
  ],
  "val_loss": [
    3.528219386383339,
    3.5948119693332248,
    3.435509037088465,
    3.5106657346089682,
    3.639196334061799
  ],
  "val_mpjpe": [
    3.528219386383339,
    3.5948119693332248,
    3.435509037088465,
    3.5106657346089682,
    3.639196334061799
  ],
  "val_pck": [
    0.0,
    0.0,
    0.0,
    0.0,
    0.0
  ],
  "lr": [
    0.0009046039886902864,
    0.0006548539886902863,
    0.0003461460113097138,
    9.639601130971379e-05,
    1e-06
  ],
  "epoch_time": [
    2.418731689453125,
    2.3686821460723877,
    2.3549091815948486,
    2.4055795669555664,
    2.3378870487213135
  ]
}